{
  "members": 10000,
  "claims": 50000,
  "fraud_rate": 0.04982,
  "approval_rate": 0.75284,
  "providers": 500,
  "clinical_notes": 5000
}